[{"key": "terminalcommandsextended", "name": "Terminal Commands Extended", "url": "https://github.com/jneilliii/OctoPrint-TerminalCommandsExtended"}, {"key": "prusaslicerthumbnails", "name": "Slicer Thumbnails", "url": "https://github.com/jneilliii/OctoPrint-PrusaSlicerThumbnails"}, {"key": "simpleemergencystop", "name": "Simple Emergency Stop", "url": "https://github.com/Sebclem/OctoPrint-SimpleEmergencyStop"}, {"key": "PrintTimeGenius", "name": "PrintTimeGenius Plugin", "url": "https://github.com/eyal0/OctoPrint-PrintTimeGenius"}, {"key": "octopod", "name": "OctoPod Plugin", "url": "https://github.com/gdombiak/OctoPrint-OctoPod"}, {"key": "GcodeEditor", "name": "GcodeEditor", "url": "https://github.com/ieatacid/OctoPrint-GcodeEditor"}, {"key": "excluderegion", "name": "Exclude Region", "url": "https://github.com/bradcfisher/OctoPrint-ExcludeRegionPlugin"}, {"key": "dashboard", "name": "Dashboard", "url": "https://github.com/j7126/OctoPrint-Dashboard"}, {"key": "klipper", "name": "OctoKlipper", "url": "https://github.com/thelastWallE/OctoprintKlipperPlugin"}, {"key": "octoeverywhere", "name": "OctoEverywhere!", "url": "http://www.OctoEverywhere.com"}, {"key": "DisplayLayerProgress", "name": "DisplayLayerProgress Plugin", "url": "https://github.com/OllisGit/OctoPrint-DisplayLayerProgress"}, {"key": "bedlevelvisualizer", "name": "Bed Visualizer", "url": "https://github.com/jneilliii/OctoPrint-BedLevelVisualizer"}]