{
    "default_acceleration": "2000",
    "from": "User",
    "inherits": "0.20mm Standard @MyKlipper",
    "initial_layer_acceleration": "300",
    "inner_wall_acceleration": "2000",
    "inner_wall_speed": "180",
    "internal_solid_infill_speed": "180",
    "name": "0.20mm Standard @MyKlipper - BLV",
    "outer_wall_acceleration": "1000",
    "print_settings_id": "0.20mm Standard @MyKlipper - BLV",
    "top_surface_acceleration": "1000",
    "travel_acceleration": "300",
    "travel_speed": "150",
    "version": "1.6.0.0"
}
