{
    "default_acceleration": "4000",
    "enable_prime_tower": "1",
    "from": "User",
    "inherits": "0.20mm Standard @Voron",
    "inner_wall_acceleration": "4000",
    "inner_wall_speed": "150",
    "internal_solid_infill_speed": "150",
    "is_custom_defined": "0",
    "name": "0.20mm Standard Tridex",
    "ooze_prevention": "1",
    "preheat_time": "20",
    "prime_tower_brim_width": "1",
    "prime_tower_width": "20",
    "print_settings_id": "0.20mm Standard Tridex",
    "sparse_infill_density": "10%",
    "sparse_infill_speed": "150",
    "travel_acceleration": "5000",
    "travel_speed": "150",
    "version": "2.0.2.0",
    "wipe_tower_cone_angle": "30",
    "wipe_tower_rotation_angle": "90"
}
