{
    "bottom_shell_layers": "5",
    "brim_type": "no_brim",
    "default_acceleration": "2200",
    "from": "User",
    "gap_infill_speed": "80",
    "infill_direction": "0",
    "inherits": "0.20mm Standard @Voron",
    "initial_layer_acceleration": "300",
    "inner_wall_acceleration": "2200",
    "inner_wall_speed": "120",
    "internal_solid_infill_speed": "160",
    "name": "0.20mm Standard  - PrinterStrongParts",
    "outer_wall_acceleration": "2000",
    "outer_wall_speed": "100",
    "print_settings_id": "0.20mm Standard  - PrinterStrongParts",
    "skirt_distance": "20",
    "skirt_loops": "2",
    "sparse_infill_density": "40%",
    "sparse_infill_speed": "160",
    "support_interface_bottom_layers": "1",
    "support_interface_filament": "2",
    "support_interface_top_layers": "1",
    "top_shell_layers": "5",
    "top_surface_acceleration": "2000",
    "top_surface_speed": "80",
    "travel_acceleration": "2200",
    "travel_speed": "250",
    "version": "1.5.1.2",
    "wall_loops": "4"
}
