{
    "enable_prime_tower": "1",
    "flush_into_support": "0",
    "from": "User",
    "inherits": "0.20mm Standard @Voron",
    "is_custom_defined": "0",
    "name": "0.20mm Standard @Voron - 拷贝",
    "ooze_prevention": "1",
    "preheat_time": "20",
    "prime_tower_width": "40",
    "prime_volume": "40",
    "print_settings_id": "0.20mm Standard @Voron - 拷贝",
    "sparse_infill_density": "0%",
    "top_shell_layers": "0",
    "travel_speed": "200",
    "version": "2.2.0.1",
    "wall_loops": "2"
}
