{
    "bottom_surface_pattern": "concentric",
    "brim_type": "no_brim",
    "from": "User",
    "inherits": "0.20mm Standard @Voron",
    "internal_solid_infill_pattern": "concentric",
    "ironing_flow": "2%",
    "ironing_pattern": "concentric",
    "ironing_type": "topmost",
    "name": "0.20mm Standard @Voron - transpart",
    "prime_tower_brim_width": "2",
    "prime_tower_width": "20",
    "prime_volume": "55",
    "print_settings_id": "0.20mm Standard @Voron - transpart",
    "skirt_loops": "1",
    "sparse_infill_density": "8%",
    "sparse_infill_pattern": "concentric",
    "support_bottom_z_distance": "0",
    "support_filament": "2",
    "support_interface_filament": "2",
    "support_threshold_angle": "50",
    "support_top_z_distance": "0",
    "top_shell_layers": "3",
    "top_surface_pattern": "concentric",
    "version": "1.6.5.3"
}
