{
    "brim_type": "no_brim",
    "default_acceleration": "2200",
    "from": "User",
    "gap_infill_speed": "60",
    "infill_direction": "0",
    "inherits": "0.20mm Standard @Voron",
    "initial_layer_acceleration": "300",
    "initial_layer_infill_speed": "55",
    "initial_layer_speed": "30",
    "inner_wall_acceleration": "2200",
    "inner_wall_speed": "100",
    "internal_solid_infill_speed": "120",
    "name": "0.20mm Standard  - Slow for SW",
    "outer_wall_acceleration": "2000",
    "outer_wall_speed": "80",
    "print_settings_id": "0.20mm Standard  - Slow for SW",
    "skirt_loops": "1",
    "sparse_infill_speed": "160",
    "support_interface_bottom_layers": "1",
    "support_interface_top_layers": "1",
    "support_speed": "120",
    "top_shell_layers": "3",
    "top_surface_acceleration": "2000",
    "top_surface_speed": "80",
    "travel_acceleration": "2200",
    "travel_speed": "150",
    "version": "1.5.1.2"
}
