{
    "default_jerk": "7",
    "from": "User",
    "infill_jerk": "7",
    "inherits": "0.20mm Standard @Voron",
    "initial_layer_jerk": "7",
    "inner_wall_speed": "160",
    "is_custom_defined": "0",
    "name": "0.20mm Voron Micron+",
    "outer_wall_jerk": "5",
    "outer_wall_speed": "80",
    "print_settings_id": "0.20mm Voron Micron+",
    "skirt_height": "3",
    "skirt_loops": "1",
    "sparse_infill_density": "40%",
    "top_surface_jerk": "7",
    "travel_acceleration": "5000",
    "travel_jerk": "7",
    "version": "2.0.2.0",
    "wall_loops": "4"
}
