{
    "bottom_shell_layers": "5",
    "brim_type": "no_brim",
    "default_acceleration": "4000",
    "enable_prime_tower": "1",
    "from": "User",
    "inherits": "0.20mm Standard @Voron",
    "inner_wall_acceleration": "4000",
    "is_custom_defined": "0",
    "mmu_segmented_region_interlocking_depth": "2",
    "name": "0.20mm Voron Tridex",
    "prime_tower_brim_width": "1",
    "prime_tower_width": "20",
    "print_settings_id": "0.20mm Voron Tridex",
    "skirt_height": "3",
    "skirt_loops": "1",
    "sparse_infill_pattern": "cubic",
    "top_shell_layers": "5",
    "travel_acceleration": "5000",
    "travel_speed": "300",
    "version": "2.0.2.0",
    "wipe_tower_cone_angle": "30",
    "wipe_tower_rotation_angle": "90"
}
