{
    "name": "tenlog_printer",
    "version": 2,
    "inherits": "fdmprinter",
    "metadata": { 
	"visible": false,
        "author": "Tenlog",
        "manufacturer": " Tenlog",
        "weight": 4,

        "has_variants": false,
        "variants_name": "Nozzle Size",
        "preferred_variant_name": "0.4mm Nozzle",

	"file_formats": "text/x-gcode",
        "has_materials": true,
	"first_start_actions": ["MachineSettingsAction"],

        "has_machine_quality": false,
        "preferred_quality_type": "draft",
        "preferred_material": "tlgreen_pla",

	"machine_extruder_trains": {
            "0": "tl_dual_0",
            "1": "tl_dual_1"
        },

        "exclude_materials": [
            "Vertex_Delta_ABS",
            "Vertex_Delta_PET",
            "Vertex_Delta_PLA",
            "Vertex_Delta_TPU",
            "chromatik_pla",
            "dsm_arnitel2045_175",
            "dsm_novamid1070_175",
            "fabtotum_abs",
            "fabtotum_nylon",
            "fabtotum_pla",
            "fabtotum_tpu",
            "fiberlogy_hd_pla",
            "filo3d_pla",
            "filo3d_pla_green",
            "filo3d_pla_red",
            "generic_abs",
            "generic_bam",
            "generic_cffcpe",
            "generic_cffpa",
            "generic_cpe",
            "generic_cpe_plus",
            "generic_gffcpe",
            "generic_gffpa",
            "generic_hips",
            "generic_nylon",
            "generic_pc",
            "generic_petg",
            "generic_pla",
            "generic_pp",
            "generic_pva",
            "generic_tough_pla",
            "generic_tpu",
            "imade3d_petg_green",
            "imade3d_petg_pink",
            "imade3d_pla_green",
            "imade3d_pla_pink",
            "innofill_innoflex60_175",
            "octofiber_pla",
            "polyflex_pla",
            "polymax_pla",
            "polyplus_pla",
            "polywood_pla",
            "structur3d_dap100silicone",
            "tizyx_abs",
            "tizyx_pla",
            "tizyx_pla_bois",
            "ultimaker_abs_black",
            "ultimaker_abs_blue",
            "ultimaker_abs_green",
            "ultimaker_abs_grey",
            "ultimaker_abs_orange",
            "ultimaker_abs_pearl-gold",
            "ultimaker_abs_red",
            "ultimaker_abs_silver-metallic",
            "ultimaker_abs_white",
            "ultimaker_abs_yellow",
            "ultimaker_bam",
            "ultimaker_cpe_black",
            "ultimaker_cpe_blue",
            "ultimaker_cpe_dark-grey",
            "ultimaker_cpe_green",
            "ultimaker_cpe_light-grey",
            "ultimaker_cpe_plus_black",
            "ultimaker_cpe_plus_transparent",
            "ultimaker_cpe_plus_white",
            "ultimaker_cpe_red",
            "ultimaker_cpe_transparent",
            "ultimaker_cpe_white",
            "ultimaker_cpe_yellow",
            "ultimaker_nylon_black",
            "ultimaker_nylon_transparent",
            "ultimaker_pc_black",
            "ultimaker_pc_transparent",
            "ultimaker_pc_white",
            "ultimaker_pla_black",
            "ultimaker_pla_blue",
            "ultimaker_pla_green",
            "ultimaker_pla_magenta",
            "ultimaker_pla_orange",
            "ultimaker_pla_pearl-white",
            "ultimaker_pla_red",
            "ultimaker_pla_silver-metallic",
            "ultimaker_pla_transparent",
            "ultimaker_pla_white",
            "ultimaker_pla_yellow",
            "ultimaker_pp_transparent",
            "ultimaker_pva",
            "ultimaker_tough_pla_black",
            "ultimaker_tough_pla_green",
            "ultimaker_tough_pla_red",
            "ultimaker_tough_pla_white",
            "ultimaker_tpu_black",
            "ultimaker_tpu_blue",
            "ultimaker_tpu_red",
            "ultimaker_tpu_white",
            "verbatim_bvoh_175",
            "zyyx_pro_flex",
            "zyyx_pro_pla"
        ]
    },
    "overrides": {
        "machine_name": { "default_value": "Tenlog Printer" },
        "machine_start_gcode": {
            "default_value": "G21 ;metric values\nG90 ;absolute positioning\nM82 ;set extruder to absolute mode\nM107 ;start with the fan off\nG28 ;Move to min endstops\nG1 Z15.0 F9000 ;move the platform down 15mm\nM117 Printing..."
        },
        "machine_end_gcode": {
            "default_value": "M104 T0 S0 ;1st extruder heater off\nM104 T1 S0 ;2nd extruder heater off\nM140 S0 ;heated bed heater off (if you have it)\nG91 ;relative positioning\nG1 E-1 F300  ;retract the filament a bit before lifting the nozzle, to release some of the pressure\nG1 Z+0.5 E-5 X-20 Y-20 F9000 ;move Z up a bit and retract filament even more\nG28 X0 Y0 ;move X/Y to min endstops, so the head is out of the way\nM84 ;steppers off\nG90 ;absolute positioning"
        },

        "machine_extruder_count": { "default_value": 2 },

        "machine_max_feedrate_x": { "value": 500 },
        "machine_max_feedrate_y": { "value": 500 },
        "machine_max_feedrate_z": { "value": 10 },
        "machine_max_feedrate_e": { "value": 80 },

        "machine_max_acceleration_x": { "value": 500 },
        "machine_max_acceleration_y": { "value": 500 },
        "machine_max_acceleration_z": { "value": 100 },
        "machine_max_acceleration_e": { "value": 5000 },
        "machine_acceleration": { "value": 500 },

        "layer_height_0":{ "default_value": 0.1	},
        "initial_layer_line_width_factor":{"default_value": 130.0},

	"skin_overlap_mm":{ "default_value": 0.1},
        "skin_overlap": { "value": 25 },
	"zig_zaggify_infill":{ "value": true},
	"infill_before_walls":{"value": true},

	"machine_max_jerk_xy": { "value": 10 },
        "machine_max_jerk_z": { "value": 0.4 },
        "machine_max_jerk_e": { "value": 5 },

        "machine_heated_bed": { "default_value": true },

        "material_diameter": { "default_value": 1.75 },

        "acceleration_print": { "value": 500 },
        "acceleration_travel": { "value": 500 },
        "acceleration_travel_layer_0": { "value": "acceleration_travel" },
        "acceleration_roofing": { "enabled": "acceleration_enabled and roofing_layer_count > 0 and top_layers > 0" },

        "jerk_print": { "value": 8 },
        "jerk_travel": { "value": "jerk_print" },
        "jerk_travel_layer_0": { "value": "jerk_travel" },

        "acceleration_enabled": { "value": false },
        "jerk_enabled": { "value": false },

        "speed_print": { "value": 60.0 } ,
        "speed_infill": { "value": "speed_print" },
        "speed_wall": { "value": "speed_print / 2" },
        "speed_wall_0": { "value": "speed_wall" },
        "speed_wall_x": { "value": "speed_wall" },
        "speed_topbottom": { "value": "speed_print / 2" },
        "speed_roofing": { "value": "speed_topbottom" },
        "speed_travel": { "value": "80.0 if speed_print < 61 else 120.0 if speed_print > 100 else speed_print * 1.5" },
        "speed_layer_0": { "value": 20.0 },
        "speed_print_layer_0": { "value": "speed_layer_0" },
        "speed_travel_layer_0": { "value": "80 if speed_layer_0 < 21 else 100 if speed_layer_0 > 30 else speed_layer_0 * 5" },
        "speed_prime_tower": { "value": "speed_topbottom" },
        "speed_support": { "value": "speed_wall_0" },
        "speed_support_interface": { "value": "speed_topbottom" },
        "speed_z_hop": { "value": 5 },

        "skirt_brim_speed": { "value": "speed_layer_0" },

        "line_width": { "value": "machine_nozzle_size" },

        "optimize_wall_printing_order": { "value": "True" },

        "material_initial_print_temperature": { "value": "material_print_temperature" },
        "material_final_print_temperature": { "value": "material_print_temperature" },
        "material_flow": { "value": 100 },
        "travel_compensate_overlapping_walls_0_enabled": { "value": "False" },

        "z_seam_type": { "value": "'back'" },
        "z_seam_corner": { "value": "'z_seam_corner_weighted'" },
        
        "infill_sparse_density": { "value": "20" },
        "infill_pattern": { "value": "'lines'" },

        "infill_overlap": { "value": 30.0 },
        "infill_wipe_dist": { "value": 0.0 },
        "wall_0_wipe_dist": { "value": 0.0 },

        "fill_perimeter_gaps": { "value": "'everywhere'" },
        "fill_outline_gaps": { "value": false },
        "filter_out_tiny_gaps": { "value": false },

        "retraction_speed": {
            "maximum_value_warning": "machine_max_feedrate_e if retraction_enable else float('inf')",
            "maximum_value": 200
        },
        "retraction_retract_speed": {
            "maximum_value_warning": "machine_max_feedrate_e if retraction_enable else float('inf')",
            "maximum_value": 200
        },
        "retraction_prime_speed": {
            "maximum_value_warning": "machine_max_feedrate_e if retraction_enable else float('inf')",
            "maximum_value": 200
        },
        
        "retraction_hop_enabled": { "value": "False" },
        "retraction_hop": { "value": 0.2 },
        "retraction_combing": { "value": "'off' if retraction_hop_enabled else 'noskin'" },
        "retraction_combing_max_distance": { "value": 0 },
        "travel_avoid_other_parts": { "value": false },
        "travel_avoid_supports": { "value": true },
        "travel_retract_before_outer_wall": { "value": true },
        
	"retraction_hop_after_extruder_switch_height": { "value": 0.0 },

        "retraction_enable": { "value": true },
        "retraction_count_max": { "value": 100 },
        "retraction_extrusion_window": { "value": 4 },
        "retraction_min_travel": { "value": 1.5 },

        "cool_fan_full_at_height": { "value": "layer_height_0 + 2 * layer_height" },
        "cool_fan_enabled": { "value": true },
        "cool_min_layer_time": { "value": 10 },

        "adhesion_type": { "value": "'skirt'" },
        "brim_replaces_support": { "value": true },
        "skirt_gap": { "value": 3.0 },
        "skirt_line_count": { "value": 2 },
	"raft_margin":{"default_value": 2 },
	"raft_airgap":	{ "default_value": 0.2 },

	"switch_extruder_retraction_amount":	{ "value": 8.0 },
	"switch_extruder_retraction_speeds":	{ "default_value": 60.0 },
	"prime_tower_wipe_enabled":	{ "default_value": false },
	"prime_tower_brim_enable":	{ "default_value": true },


        "adaptive_layer_height_variation": { "value": 0.04 },
        "adaptive_layer_height_variation_step": { "value": 0.04 },

        "meshfix_maximum_resolution": { "value": "0.25" },
        "meshfix_maximum_travel_resolution": { "value": "meshfix_maximum_resolution" },

        "support_angle": { "value": "math.floor(math.degrees(math.atan(line_width/1.4/layer_height)))" },
        "support_pattern": { "value": "'zigzag'" },
        "support_infill_rate": { "value": "0 if support_enable and support_structure == 'tree' else 20" },
        "support_use_towers": { "value": true },
        "support_xy_distance": { "value": "wall_line_width_0 * 2" },
        "support_xy_distance_overhang": { "value": "wall_line_width_0" },
        "support_z_distance": { "value": "layer_height if layer_height >= 0.16 else layer_height*2" },
        "support_xy_overrides_z": { "value": "'xy_overrides_z'" },
        "support_wall_count": { "value": 1 },
        "support_brim_enable": { "value": true },
        "support_brim_width": { "value": 4 },

        "brim_width": { "value": 4 },

        "support_interface_enable": { "value": true },
        "support_interface_height": { "value": "layer_height * 4" },
        "support_interface_density": { "value": 33.333 },
        "support_interface_pattern": { "value": "'grid'" },
        "support_interface_skip_height": { "value": 0.2 },
        "minimum_support_area": { "value": 2 },
        "minimum_interface_area": { "value": 10 },
        "top_bottom_thickness": {"value":  "layer_height_0 + layer_height * 4" },
        "wall_thickness": {"value": "line_width * 2" }

    }
}
