{
    "version": 2,
    "name": "TL-D3Pro",
    "inherits": "tenlog_printer",
    "metadata": {
	"visible": true,
        "manufacturer": " Tenlog",
        "platform": "TL-D3Pro.stl",
        "platform_offset": [-700,5,-100]
    },

    "overrides": {
        "machine_name": { "default_value": "TL-D3P" },
        "machine_width": {
            "default_value": 300
        },
        "machine_height": {
            "default_value": 350
        },
        "machine_depth": {
            "default_value": 300
        },
        "prime_tower_position_x": {
            "value": "155"
        },
    	"prime_tower_position_y": {
            "value": "155"
        }
    }
}
