{
    "additional_cooling_fan_speed": [
        "0"
    ],
    "filament_max_volumetric_speed": [
        "22"
    ],
    "filament_settings_id": [
        "Alias_pla"
    ],
    "from": "User",
    "inherits": "Bambu PLA Basic @BBL P1P",
    "is_custom_defined": "0",
    "name": "Alias_pla",
    "nozzle_temperature": [
        "200"
    ],
    "nozzle_temperature_initial_layer": [
        "200"
    ],
    "reduce_fan_stop_start_freq": [
        "0"
    ],
    "textured_cool_plate_temp": [
        "50"
    ],
    "textured_cool_plate_temp_initial_layer": [
        "50"
    ],
    "textured_plate_temp": [
        "50"
    ],
    "textured_plate_temp_initial_layer": [
        "50"
    ],
    "version": "1.8.0.25"
}
