{
    "fan_max_speed": [
        "100"
    ],
    "fan_min_speed": [
        "50"
    ],
    "filament_max_volumetric_speed": [
        "18"
    ],
    "filament_settings_id": [
        "Alis_petg_typical"
    ],
    "from": "User",
    "inherits": "Generic PETG @BBL P1P",
    "name": "Alis_petg_typical",
    "nozzle_temperature": [
        "240"
    ],
    "nozzle_temperature_initial_layer": [
        "240"
    ],
    "textured_plate_temp": [
        "65"
    ],
    "textured_plate_temp_initial_layer": [
        "65"
    ],
    "version": "1.8.0.25"
}
