{
    "filament_max_volumetric_speed": [
        "20"
    ],
    "filament_minimal_purge_on_wipe_tower": [
        "0"
    ],
    "filament_retraction_length": [
        "1.1"
    ],
    "filament_settings_id": [
        "ALIZ-blue"
    ],
    "from": "User",
    "hot_plate_temp": [
        "60"
    ],
    "hot_plate_temp_initial_layer": [
        "60"
    ],
    "inherits": "Voron Generic PETG",
    "name": "ALIZ-blue",
    "nozzle_temperature": [
        "240"
    ],
    "nozzle_temperature_initial_layer": [
        "240"
    ],
    "version": "1.9.0.2"
}
