{
    "fan_min_speed": [
        "60"
    ],
    "filament_end_gcode": [
        "; filament end gcode \nG92 E0\n"
    ],
    "filament_flow_ratio": [
        "0.97"
    ],
    "filament_max_volumetric_speed": [
        "22"
    ],
    "filament_settings_id": [
        "ALIZ-PLA=_purpe"
    ],
    "from": "User",
    "hot_plate_temp": [
        "55"
    ],
    "hot_plate_temp_initial_layer": [
        "55"
    ],
    "inherits": "Voron Generic PLA",
    "name": "ALIZ-PLA=_purpe",
    "nozzle_temperature": [
        "200"
    ],
    "nozzle_temperature_initial_layer": [
        "200"
    ],
    "nozzle_temperature_range_high": [
        "215"
    ],
    "reduce_fan_stop_start_freq": [
        "0"
    ],
    "slow_down_layer_time": [
        "1"
    ],
    "temperature_vitrification": [
        "50"
    ],
    "version": "1.5.1.2"
}
