{
    "close_fan_the_first_x_layers": [
        "2"
    ],
    "fan_max_speed": [
        "80"
    ],
    "fan_min_speed": [
        "0"
    ],
    "filament_max_volumetric_speed": [
        "15"
    ],
    "filament_minimal_purge_on_wipe_tower": [
        "0"
    ],
    "filament_settings_id": [
        "debugging_filament"
    ],
    "from": "User",
    "hot_plate_temp": [
        "0"
    ],
    "hot_plate_temp_initial_layer": [
        "0"
    ],
    "idle_temperature": [
        "150"
    ],
    "inherits": "Voron Generic PLA",
    "name": "debugging_filament",
    "nozzle_temperature": [
        "200"
    ],
    "nozzle_temperature_initial_layer": [
        "200"
    ],
    "reduce_fan_stop_start_freq": [
        "0"
    ],
    "version": "1.9.0.2"
}
