{
    "enable_pressure_advance": [
        "1"
    ],
    "filament_end_gcode": [
        "; filament end gcode \nG1 E-5.0000 F3000"
    ],
    "filament_flow_ratio": [
        "0.95"
    ],
    "filament_settings_id": [
        "My Generic petg"
    ],
    "filament_type": [
        "PETG"
    ],
    "from": "User",
    "hot_plate_temp": [
        "50"
    ],
    "hot_plate_temp_initial_layer": [
        "50"
    ],
    "inherits": "My Generic PLA",
    "name": "My Generic petg",
    "nozzle_temperature": [
        "230"
    ],
    "nozzle_temperature_initial_layer": [
        "225"
    ],
    "nozzle_temperature_range_high": [
        "235"
    ],
    "pressure_advance": [
        "0.1"
    ],
    "slow_down_layer_time": [
        "1"
    ],
    "temperature_vitrification": [
        "50"
    ],
    "version": "1.6.0.0"
}
