{
    "close_fan_the_first_x_layers": [
        "2"
    ],
    "enable_pressure_advance": [
        "1"
    ],
    "fan_min_speed": [
        "40"
    ],
    "filament_end_gcode": [
        "; filament end gcode \nG1 E-5.0000 F3000"
    ],
    "filament_flow_ratio": [
        "0.95"
    ],
    "filament_settings_id": [
        "My Generic Petg-purge"
    ],
    "from": "User",
    "hot_plate_temp": [
        "65"
    ],
    "hot_plate_temp_initial_layer": [
        "65"
    ],
    "inherits": "My Generic PLA",
    "name": "My Generic Petg-purge",
    "nozzle_temperature": [
        "225"
    ],
    "nozzle_temperature_initial_layer": [
        "225"
    ],
    "nozzle_temperature_range_high": [
        "235"
    ],
    "nozzle_temperature_range_low": [
        "200"
    ],
    "pressure_advance": [
        "0.12"
    ],
    "slow_down_layer_time": [
        "1"
    ],
    "temperature_vitrification": [
        "50"
    ],
    "version": "1.6.0.0"
}
