{
    "filament_end_gcode": [
        "; filament end gcode \nG1 E-5.0000 F3000"
    ],
    "filament_settings_id": [
        "My Generic PLA - 拷贝"
    ],
    "from": "User",
    "hot_plate_temp": [
        "50"
    ],
    "hot_plate_temp_initial_layer": [
        "50"
    ],
    "inherits": "My Generic PLA",
    "name": "My Generic PLA - 拷贝",
    "nozzle_temperature": [
        "200"
    ],
    "nozzle_temperature_initial_layer": [
        "205"
    ],
    "nozzle_temperature_range_high": [
        "205"
    ],
    "temperature_vitrification": [
        "50"
    ],
    "version": "1.6.0.0"
}
