{
    "filament_max_volumetric_speed": [
        "22"
    ],
    "filament_settings_id": [
        "petg"
    ],
    "filament_type": [
        "PETG"
    ],
    "from": "User",
    "hot_plate_temp": [
        "65"
    ],
    "hot_plate_temp_initial_layer": [
        "65"
    ],
    "inherits": "Generic PLA template @Daye SPA 0.4 nozzle",
    "is_custom_defined": "0",
    "name": "petg",
    "nozzle_temperature": [
        "235"
    ],
    "nozzle_temperature_initial_layer": [
        "235"
    ],
    "reduce_fan_stop_start_freq": [
        "0"
    ],
    "version": "1.7.0.2"
}
