{
    "fan_cooling_layer_time": [
        "60"
    ],
    "fan_max_speed": [
        "60"
    ],
    "fan_min_speed": [
        "40"
    ],
    "filament_end_gcode": [
        "; filament end gcode\nG92 E0\n"
    ],
    "filament_max_volumetric_speed": [
        "10"
    ],
    "filament_minimal_purge_on_wipe_tower": [
        "0"
    ],
    "filament_retraction_length": [
        "1.1"
    ],
    "filament_settings_id": [
        "Petg-Transp"
    ],
    "filament_type": [
        "PETG"
    ],
    "from": "User",
    "inherits": "Voron Generic PLA",
    "name": "Petg-Transp",
    "nozzle_temperature": [
        "240"
    ],
    "nozzle_temperature_initial_layer": [
        "240"
    ],
    "nozzle_temperature_range_high": [
        "250"
    ],
    "nozzle_temperature_range_low": [
        "230"
    ],
    "reduce_fan_stop_start_freq": [
        "0"
    ],
    "temperature_vitrification": [
        "50"
    ],
    "version": "1.5.1.2"
}
