{
    "filament_max_volumetric_speed": [
        "20"
    ],
    "filament_settings_id": [
        "pla"
    ],
    "from": "User",
    "hot_plate_temp": [
        "40"
    ],
    "hot_plate_temp_initial_layer": [
        "40"
    ],
    "inherits": "Generic PLA template @Daye SPA 0.4 nozzle",
    "is_custom_defined": "0",
    "name": "pla",
    "nozzle_temperature": [
        "195"
    ],
    "nozzle_temperature_initial_layer": [
        "195"
    ],
    "reduce_fan_stop_start_freq": [
        "0"
    ],
    "version": "1.7.0.2"
}
