{
    "fan_max_speed": [
        "45"
    ],
    "fan_min_speed": [
        "20"
    ],
    "filament_cooling_final_speed": [
        "0"
    ],
    "filament_cooling_initial_speed": [
        "0"
    ],
    "filament_cooling_moves": [
        "0"
    ],
    "filament_loading_speed": [
        "0"
    ],
    "filament_loading_speed_start": [
        "0"
    ],
    "filament_minimal_purge_on_wipe_tower": [
        "5"
    ],
    "filament_ramming_parameters": [
        "120 100 6.6129 6.74194 7.09677 7.58065 7.90323 8.16129 8.67742 9.3871 9.87097 10.0323| 0.05 6.6 0.45 6.8 0.95 7.8 1.45 8.3 1.95 9.7 2.45 10 2.95 7.6 3.45 7.6 3.95 7.6 4.45 7.6 4.95 7.6"
    ],
    "filament_settings_id": [
        "Tridex Generic ABS"
    ],
    "filament_unloading_speed": [
        "0"
    ],
    "filament_unloading_speed_start": [
        "0"
    ],
    "from": "User",
    "inherits": "Voron Generic ABS",
    "is_custom_defined": "0",
    "name": "Tridex Generic ABS",
    "nozzle_temperature": [
        "255"
    ],
    "nozzle_temperature_initial_layer": [
        "255"
    ],
    "version": "2.0.2.0"
}
