{
    "close_fan_the_first_x_layers": [
        "2"
    ],
    "fan_min_speed": [
        "40"
    ],
    "filament_end_gcode": [
        "; filament end gcode \nG92 E0\n"
    ],
    "filament_max_volumetric_speed": [
        "20"
    ],
    "filament_minimal_purge_on_wipe_tower": [
        "0"
    ],
    "filament_settings_id": [
        "Voron Generic PLA - shuangdi"
    ],
    "from": "User",
    "inherits": "Voron Generic PLA",
    "name": "Voron Generic PLA - shuangdi",
    "nozzle_temperature": [
        "205"
    ],
    "nozzle_temperature_initial_layer": [
        "205"
    ],
    "nozzle_temperature_range_high": [
        "215"
    ],
    "reduce_fan_stop_start_freq": [
        "0"
    ],
    "slow_down_layer_time": [
        "1"
    ],
    "temperature_vitrification": [
        "50"
    ],
    "version": "1.5.1.2"
}
