{
    "bed_custom_texture": "/Users/muimoon/Documents/3D打印资料/Voron资料/tridex_mods-main/slicer_configuration/bed_textures/bedtexture-tridex-250.svg",
    "cooling_tube_length": "0",
    "cooling_tube_retraction": "0",
    "deretraction_speed": [
        "30",
        "30"
    ],
    "enable_filament_ramming": "0",
    "extra_loading_move": "0",
    "extruder_clearance_radius": "40",
    "extruder_colour": [
        "#FCE94F",
        "#FCE94F"
    ],
    "extruder_offset": [
        "0x0",
        "0x0"
    ],
    "from": "User",
    "inherits": "Voron Trident 300 0.4 nozzle",
    "is_custom_defined": "0",
    "layer_change_gcode": ";AFTER_LAYER_CHANGE\n;[layer_z]\n{if layer_num > 0}\n;Passed the first layer\n{if is_extruder_used[1]}\n; Set T1 nozzle temp to printing temp above layer 0 when similar filaments used.\nM104 S{nozzle_temperature[1]} T1\n{endif}\n{endif}",
    "long_retractions_when_cut": [
        "0",
        "0"
    ],
    "machine_max_acceleration_x": [
        "5000",
        "20000"
    ],
    "machine_max_acceleration_y": [
        "2000",
        "20000"
    ],
    "machine_max_speed_x": [
        "180",
        "200"
    ],
    "machine_max_speed_y": [
        "150",
        "200"
    ],
    "machine_start_gcode": "M190 S[bed_temperature_initial_layer_single]\n{if is_extruder_used[0]}\nM104 S{first_layer_temperature[0]} T0\n{endif}\n{if is_extruder_used[1]}\nM104 S{first_layer_temperature[1]} T1\n{endif}\nSET_PRINT_STATS_INFO TOTAL_LAYER=[total_layer_count]\nprint_start print_mode=\"PRIMARY\" t0_starting_temp={first_layer_temperature[0]} t1_starting_temp={first_layer_temperature[1]} ooze_prev={ooze_prevention} initial_tool={initial_extruder}",
    "max_layer_height": [
        "0.32",
        "0.32"
    ],
    "min_layer_height": [
        "0.1",
        "0.1"
    ],
    "name": "Tridex 300 0.4 nozzle",
    "nozzle_diameter": [
        "0.4",
        "0.4"
    ],
    "parking_pos_retraction": "0",
    "print_host": "192.168.1.226",
    "printable_area": [
        "0x0",
        "185x0",
        "185x185",
        "0x185"
    ],
    "printable_height": "200",
    "printer_settings_id": "Tridex 300 0.4 nozzle",
    "purge_in_prime_tower": "0",
    "retract_before_wipe": [
        "70%",
        "70%"
    ],
    "retract_length_toolchange": [
        "2",
        "2"
    ],
    "retract_lift_above": [
        "0",
        "0"
    ],
    "retract_lift_below": [
        "0",
        "0"
    ],
    "retract_lift_enforce": [
        "All Surfaces",
        "All Surfaces"
    ],
    "retract_restart_extra": [
        "0",
        "0"
    ],
    "retract_restart_extra_toolchange": [
        "0",
        "0"
    ],
    "retract_when_changing_layer": [
        "1",
        "1"
    ],
    "retraction_distances_when_cut": [
        "18",
        "18"
    ],
    "retraction_length": [
        "0.8",
        "0.8"
    ],
    "retraction_minimum_travel": [
        "1",
        "1"
    ],
    "retraction_speed": [
        "30",
        "30"
    ],
    "single_extruder_multi_material": "0",
    "travel_slope": [
        "3",
        "3"
    ],
    "version": "2.0.2.0",
    "wipe": [
        "1",
        "1"
    ],
    "wipe_distance": [
        "1",
        "1"
    ],
    "z_hop": [
        "0.4",
        "0.4"
    ],
    "z_hop_types": [
        "Normal Lift",
        "Normal Lift"
    ]
}
