{
    "cooling_tube_length": "0",
    "cooling_tube_retraction": "0",
    "enable_filament_ramming": "0",
    "extra_loading_move": "0",
    "from": "User",
    "inherits": "Voron Trident 300 0.4 nozzle",
    "is_custom_defined": "0",
    "machine_start_gcode": "M190 S[bed_temperature_initial_layer_single]\nM104 S{first_layer_temperature[0]} T0\nM104 S{first_layer_temperature[1]} T1\nSET_PRINT_STATS_INFO TOTAL_LAYER=[total_layer_count]\nprint_start print_mode=\"COPY\" t0_starting_temp={nozzle_temperature_initial_layer[0]} t1_starting_temp={nozzle_temperature_initial_layer[1]} t0_printing_temp={nozzle_temperature[0]} t1_printing_temp={nozzle_temperature[1]}",
    "name": "Tridex 300 0.4 nozzle Copy Mode",
    "parking_pos_retraction": "0",
    "print_host": "192.168.1.226",
    "printable_area": [
        "0x0",
        "77.5x0",
        "77.5x185",
        "0x185"
    ],
    "printer_settings_id": "Tridex 300 0.4 nozzle Copy Mode",
    "purge_in_prime_tower": "0",
    "version": "2.0.2.0"
}
