{
    "bed_exclude_area": [
        "230x0",
        "250x0",
        "250x250",
        "230x250"
    ],
    "before_layer_change_gcode": ";BEFORE_LAYER_CHANGE\n;[layer_z]\nG92 E0\nTIMELAPSE_TAKE_FRAME",
    "change_filament_gcode": ";Set_temperature EXTRUDER=[nozzle_temperature] NEXTOOL=[next_extruder] ",
    "cooling_tube_length": "0",
    "cooling_tube_retraction": "0",
    "enable_filament_ramming": "0",
    "extra_loading_move": "0",
    "from": "User",
    "inherits": "Voron 2.4 250 0.4 nozzle",
    "machine_max_acceleration_extruding": [
        "5000",
        "20000"
    ],
    "machine_max_acceleration_retracting": [
        "2000",
        "5000"
    ],
    "machine_max_acceleration_x": [
        "2000",
        "20000"
    ],
    "machine_max_acceleration_y": [
        "2000",
        "20000"
    ],
    "machine_max_speed_x": [
        "200",
        "200"
    ],
    "machine_max_speed_y": [
        "200",
        "200"
    ],
    "machine_start_gcode": "M190 S[bed_temperature_initial_layer_single]\nM109 S[nozzle_temperature_initial_layer]\nPRINT_START EXTRUDER=[nozzle_temperature_initial_layer] BED=[bed_temperature_initial_layer_single] NEXTOOL=[initial_extruder] \n; You can use following code instead if your PRINT_START macro support Chamber and print area bedmesh\n;PRINT_START EXTRUDER=[nozzle_temperature_initial_layer] BED=[bed_temperature_initial_layer_single] Chamber=[chamber_temperature] PRINT_MIN={first_layer_print_min[0]},{first_layer_print_min[1]} PRINT_MAX={first_layer_print_max[0]},{first_layer_print_max[1]}\n;EXTRUDERONE={nozzle_temperature[0]}\n\nSet_temperature EXTRUDER={nozzle_temperature[0]} TOOL=0\nSet_temperature EXTRUDER={nozzle_temperature[1]} TOOL=1\nSet_temperature EXTRUDER={nozzle_temperature[2]} TOOL=2\nSet_temperature EXTRUDER={nozzle_temperature[3]} TOOL=3",
    "name": "Voron 2.4 250 0.4 nozzle - Gray",
    "parking_pos_retraction": "0",
    "print_host": "192.168.1.106",
    "printer_settings_id": "Voron 2.4 250 0.4 nozzle - Gray",
    "purge_in_prime_tower": "0",
    "version": "1.8.0.0"
}
