{
    "adaptive_bed_mesh_margin": "0",
    "auxiliary_fan": "0",
    "bbl_use_printhost": "0",
    "bed_custom_model": "",
    "bed_custom_texture": "",
    "bed_exclude_area": [
        "0x0"
    ],
    "bed_mesh_max": "99999,99999",
    "bed_mesh_min": "-99999,-99999",
    "bed_mesh_probe_distance": "50,50",
    "before_layer_change_gcode": ";BEFORE_LAYER_CHANGE\n;[layer_z]\nG92 E0\n",
    "best_object_pos": "0.5,0.48",
    "change_extrusion_role_gcode": "",
    "change_filament_gcode": "M600",
    "cooling_tube_length": "5",
    "cooling_tube_retraction": "91.5",
    "default_filament_profile": [
        "Creality Generic PLA"
    ],
    "default_print_profile": "0.20mm Standard @Creality Ender3 Pro 0.4",
    "deretraction_speed": [
        "40"
    ],
    "disable_m73": "1",
    "emit_machine_limits_to_gcode": "1",
    "enable_filament_ramming": "1",
    "extra_loading_move": "-2",
    "extruder_clearance_height_to_lid": "25",
    "extruder_clearance_height_to_rod": "25",
    "extruder_clearance_radius": "47",
    "extruder_colour": [
        "#FCE94F"
    ],
    "extruder_offset": [
        "0x0"
    ],
    "fan_kickstart": "0",
    "fan_speedup_overhangs": "1",
    "fan_speedup_time": "0",
    "from": "User",
    "gcode_flavor": "klipper",
    "head_wrap_detect_zone": [],
    "high_current_on_filament_swap": "0",
    "host_type": "octoprint",
    "inherits": "",
    "is_custom_defined": "0",
    "layer_change_gcode": "",
    "machine_end_gcode": "G92 E0;\nG1 E-3 F2000;\n{if max_layer_z < printable_height}G1 Z{z_offset+min(max_layer_z+2, printable_height)} F600 ; Move print head up{endif}\nG1 X5 F{travel_speed*60} ; present print\n{if max_layer_z < printable_height-10}G1 Z{z_offset+min(max_layer_z+20, printable_height-10)} F600 ; Move print head further up{endif}\n;{if max_layer_z < max_print_height*0.6}G1 Z{printable_height*0.6} F600 ; Move print head further up{endif}\nM140 S0 ; turn off heatbed\nM104 S0 ; turn off temperature\nM107 ; turn off fan\nM84 X Y E ; disable motors",
    "machine_load_filament_time": "0",
    "machine_max_acceleration_e": [
        "5000",
        "5000"
    ],
    "machine_max_acceleration_extruding": [
        "500",
        "500"
    ],
    "machine_max_acceleration_retracting": [
        "1000",
        "1000"
    ],
    "machine_max_acceleration_travel": [
        "1500",
        "1250"
    ],
    "machine_max_acceleration_x": [
        "3000",
        "500"
    ],
    "machine_max_acceleration_y": [
        "1000",
        "500"
    ],
    "machine_max_acceleration_z": [
        "100",
        "100"
    ],
    "machine_max_jerk_e": [
        "5",
        "5"
    ],
    "machine_max_jerk_x": [
        "8",
        "8"
    ],
    "machine_max_jerk_y": [
        "8",
        "8"
    ],
    "machine_max_jerk_z": [
        "0.4",
        "0.4"
    ],
    "machine_max_speed_e": [
        "60",
        "60"
    ],
    "machine_max_speed_x": [
        "1500",
        "500"
    ],
    "machine_max_speed_y": [
        "800",
        "500"
    ],
    "machine_max_speed_z": [
        "10",
        "10"
    ],
    "machine_min_extruding_rate": [
        "0",
        "0"
    ],
    "machine_min_travel_rate": [
        "0",
        "0"
    ],
    "machine_pause_gcode": "M25",
    "machine_start_gcode": "G90 ; use absolute coordinates\nM83 ; extruder relative mode\nM140 S[bed_temperature_initial_layer_single] ; set final bed temp\nM104 S150 ; set temporary nozzle temp to prevent oozing during homing\nG4 S10 ; allow partial nozzle warmup\nG28 ; home all axis\nG1 Z10 F240\nG1 X2 Y10 F3000\nM104 S[nozzle_temperature_initial_layer] ; set final nozzle temp\n;M190 S[bed_temperature_initial_layer_single] ; wait for bed temp to stabilize\nM109 S[nozzle_temperature_initial_layer] ; wait for nozzle temp to stabilize\nG1 Z0.28 F240\nG92 E0\nG1 Y100 E8 F1500 ; prime the nozzle\nG1 X2.3 F5000\nG92 E0\nG1 Y10 E8 F1200 ; prime the nozzle\nG92 E0",
    "machine_unload_filament_time": "0",
    "manual_filament_change": "0",
    "max_layer_height": [
        "0.36"
    ],
    "min_layer_height": [
        "0.08"
    ],
    "name": "Daye SPA 0.4 nozzle",
    "nozzle_diameter": [
        "0.4"
    ],
    "nozzle_hrc": "0",
    "nozzle_type": "brass",
    "nozzle_volume": "0",
    "parking_pos_retraction": "92",
    "preferred_orientation": "0",
    "print_host": "192.168.1.110",
    "print_host_webui": "",
    "printable_area": [
        "0x14",
        "145x14",
        "145x144",
        "0x144"
    ],
    "printable_height": "120",
    "printer_model": "Daye SPA",
    "printer_notes": "",
    "printer_settings_id": "Daye SPA 0.4 nozzle",
    "printer_structure": "i3",
    "printer_technology": "FFF",
    "printer_variant": "0.4",
    "printhost_apikey": "",
    "printhost_authorization_type": "key",
    "printhost_cafile": "",
    "printhost_password": "",
    "printhost_port": "",
    "printhost_ssl_ignore_revoke": "0",
    "printhost_user": "",
    "printing_by_object_gcode": "",
    "purge_in_prime_tower": "0",
    "retract_before_wipe": [
        "70%"
    ],
    "retract_length_toolchange": [
        "1"
    ],
    "retract_lift_above": [
        "0"
    ],
    "retract_lift_below": [
        "0"
    ],
    "retract_lift_enforce": [
        "All Surfaces"
    ],
    "retract_restart_extra": [
        "0"
    ],
    "retract_restart_extra_toolchange": [
        "0"
    ],
    "retract_when_changing_layer": [
        "0"
    ],
    "retraction_length": [
        "1.2"
    ],
    "retraction_minimum_travel": [
        "4"
    ],
    "retraction_speed": [
        "40"
    ],
    "scan_first_layer": "0",
    "silent_mode": "0",
    "single_extruder_multi_material": "1",
    "support_air_filtration": "0",
    "support_chamber_temp_control": "0",
    "support_multi_bed_types": "0",
    "template_custom_gcode": "",
    "thumbnails": [
        "150x150"
    ],
    "thumbnails_format": "PNG",
    "time_cost": "0",
    "time_lapse_gcode": "",
    "upward_compatible_machine": [],
    "use_firmware_retraction": "0",
    "use_relative_e_distances": "1",
    "version": "2.0.2.0",
    "wipe": [
        "0"
    ],
    "wipe_distance": [
        "1"
    ],
    "z_hop": [
        "0.4"
    ],
    "z_hop_types": [
        "Normal Lift"
    ],
    "z_offset": "0"
}
