{
    "bed_custom_model": "C:\\\\Users\\\\muimo\\\\Downloads\\\\VT_300mm_bed_model (1).stl",
    "bed_custom_texture": "C:\\\\Users\\\\muimo\\\\Downloads\\\\VT_bed_textured_pei.png",
    "before_layer_change_gcode": ";BEFORE_LAYER_CHANGE\n;[layer_z]\nG92 E0\nTIMELAPSE_TAKE_FRAME\n",
    "best_object_pos": "0.5,0.4",
    "cooling_tube_length": "0",
    "cooling_tube_retraction": "0",
    "enable_filament_ramming": "0",
    "extra_loading_move": "0",
    "from": "User",
    "inherits": "Voron Trident 300 0.4 nozzle",
    "machine_end_gcode": ";PRINT_END\nEND_PRINT",
    "machine_max_acceleration_e": [
        "3000",
        "5000"
    ],
    "machine_max_acceleration_extruding": [
        "3000",
        "20000"
    ],
    "machine_max_acceleration_z": [
        "200",
        "200"
    ],
    "machine_max_speed_e": [
        "30",
        "25"
    ],
    "machine_max_speed_z": [
        "8",
        "12"
    ],
    "machine_start_gcode": ";M190 S[bed_temperature_initial_layer_single]\n;M109 S[nozzle_temperature_initial_layer]\n;PRINT_START EXTRUDER=[nozzle_temperature_initial_layer] BED=;[bed_temperature_initial_layer_single]\n; You can use following code instead if your PRINT_START macro support Chamber and print area bedmesh\n; PRINT_START EXTRUDER=[nozzle_temperature_initial_layer] BED=[bed_temperature_initial_layer_single] Chamber=;[chamber_temperature] PRINT_MIN={first_layer_print_min[0]},{first_layer_print_min[1]} PRINT_MAX=;{first_layer_print_max[0]},{first_layer_print_max[1]}\nSTART_PRINT BED=[first_layer_bed_temperature] HOTEND=[first_layer_temperature[initial_extruder]] INEXTRUDER=[initial_extruder]",
    "name": "Voron Trident 300 0.4 nozzle - Trident",
    "parking_pos_retraction": "0",
    "print_host": "192.168.1.31",
    "printable_area": [
        "10x0",
        "290x0",
        "290x250",
        "10x250"
    ],
    "printer_settings_id": "Voron Trident 300 0.4 nozzle - Trident",
    "purge_in_prime_tower": "0",
    "retraction_length": [
        "1"
    ],
    "version": "1.5.1.2"
}
