{
    "before_layer_change_gcode": ";BEFORE_LAYER_CHANGE\n;[layer_z]\nG92 E0\n;TIMELAPSE_TAKE_FRAME\n",
    "cooling_tube_length": "0",
    "cooling_tube_retraction": "0",
    "enable_filament_ramming": "0",
    "extra_loading_move": "0",
    "from": "User",
    "inherits": "Voron Trident 300 0.4 nozzle",
    "layer_change_gcode": ";AFTER_LAYER_CHANGE\n;[layer_z]\n;CUT",
    "machine_end_gcode": "#PRINT_END\nEND_PRINT",
    "machine_max_acceleration_e": [
        "1000",
        "5000"
    ],
    "machine_max_acceleration_extruding": [
        "2000",
        "20000"
    ],
    "machine_max_acceleration_retracting": [
        "800",
        "5000"
    ],
    "machine_max_acceleration_x": [
        "1000",
        "20000"
    ],
    "machine_max_acceleration_y": [
        "500",
        "20000"
    ],
    "machine_max_acceleration_z": [
        "1000",
        "200"
    ],
    "machine_max_jerk_z": [
        "12",
        "0.4"
    ],
    "machine_max_speed_x": [
        "120",
        "200"
    ],
    "machine_max_speed_y": [
        "70",
        "200"
    ],
    "machine_max_speed_z": [
        "8",
        "12"
    ],
    "machine_start_gcode": "M190 S[bed_temperature_initial_layer_single]\nM109 S[nozzle_temperature_initial_layer]\n;PRINT_START EXTRUDER=[nozzle_temperature_initial_layer] BED=;[bed_temperature_initial_layer_single]\n; You can use following code instead if your PRINT_START macro support Chamber and print area bedmesh\nSTART_PRINT EXTRUDER=[nozzle_temperature_initial_layer] BED=[bed_temperature_initial_layer_single] Chamber=;[chamber_temperature] PRINT_MIN={first_layer_print_min[0]},{first_layer_print_min[1]} PRINT_MAX=;{first_layer_print_max[0]},{first_layer_print_max[1]}\n;START_PRINT BED=[first_layer_bed_temperature] HOTEND=[first_layer_temperature[initial_extruder]] INEXTRUDER=[initial_extruder]\n",
    "name": "Voron 200 0.4 nozzle - Switchwire",
    "parking_pos_retraction": "0",
    "print_host": "192.168.1.20",
    "printable_area": [
        "0x0",
        "205x0",
        "205x210",
        "0x210"
    ],
    "printable_height": "200",
    "printer_settings_id": "Voron 200 0.4 nozzle - Switchwire",
    "purge_in_prime_tower": "0",
    "retraction_length": [
        "1"
    ],
    "version": "1.5.1.2"
}
