[{"key": "z_probe_offset", "name": "Z Probe Offset", "url": "https://framagit.org/razer/octoprint_z_probe_offset"}, {"key": "terminalcommandsextended", "name": "Terminal Commands Extended", "url": "https://github.com/jneilliii/OctoPrint-TerminalCommandsExtended"}, {"key": "prusaslicerthumbnails", "name": "Slicer Thumbnails", "url": "https://github.com/jneilliii/OctoPrint-PrusaSlicerThumbnails"}, {"key": "smartfilamentsensor", "name": "Smart Filament Sensor", "url": "https://github.com/royrdan/Octoprint-Smart-Filament-Sensor"}, {"key": "PrintTimeGenius", "name": "PrintTimeGenius Plugin", "url": "https://github.com/eyal0/OctoPrint-PrintTimeGenius"}, {"key": "octopod", "name": "OctoPod Plugin", "url": "https://github.com/gdombiak/OctoPrint-OctoPod"}, {"key": "GcodeEditor", "name": "GcodeEditor", "url": "https://github.com/ieatacid/OctoPrint-GcodeEditor"}, {"key": "filemanager", "name": "FileManager", "url": "https://github.com/Salandora/OctoPrint-FileManager"}, {"key": "excluderegion", "name": "Exclude Region", "url": "https://github.com/bradcfisher/OctoPrint-ExcludeRegionPlugin"}, {"key": "dashboard", "name": "Dashboard", "url": "https://github.com/j7126/OctoPrint-Dashboard"}, {"key": "CrealityTemperature", "name": "Creality Temperature", "url": "https://github.com/RomainOdeval/OctoPrint-CrealityTemperature/"}, {"key": "cancelobject", "name": "Cancel Objects", "url": "https://github.com/paukstelis/OctoPrint-Cancelobject"}, {"key": "octoeverywhere", "name": "OctoEverywhere!", "url": "http://www.OctoEverywhere.com"}, {"key": "eeprom_marlin", "name": "Marlin EEPROM Editor", "url": "https://github.com/cp2004/OctoPrint-EEPROM-Marlin"}, {"key": "DisplayLayerProgress", "name": "DisplayLayerProgress Plugin", "url": "https://github.com/OllisGit/OctoPrint-DisplayLayerProgress"}, {"key": "ender3v2tempfix", "name": "Creality-2x-temperature-reporting-fix", "url": "https://simplyprint.dk/"}, {"key": "bedlevelvisualizer", "name": "Bed Visualizer", "url": "https://github.com/jneilliii/OctoPrint-BedLevelVisualizer"}]